PDB_mutation	DDG	PremPRI2_prediction
1QFQ*B*R7A	3.088	2.36199656666667
1ZDI*A*Y85C	2.09	1.61193576666667
1ZDI*A*Y85H	0.917	1.51908433333333
1ZDI*A*Y85S	2.127	1.56426426666667
1ASY*A*D210A	1.404	0.61091515
1ASY*A*E188A	1.554	0.9552464
1ASY*A*E202A	1.009	0.385996296666667
1ASY*A*E327A	-0.244	-0.234983656666667
1ASY*A*F127A	2.081	1.23639363333333
1ASY*A*F304A	0	-0.154689556666667
1ASY*A*H334A	1.285	0.85338815
1ASY*A*K142A	0.856	0.504477453333333
1ASY*A*K155A	0.757	0.50496645
1ASY*A*K180A	1.514	1.07248463666667
1ASY*A*K293A	1.43	0.699791073333333
1ASY*A*K428A	0.83	0.35557462
1ASY*A*K553A	1.305	0.778882386666667
1ASY*A*N117A	0.876	0.417356236666667
1ASY*A*N227A	0.807	0.452061306666667
1ASY*A*N328A	0.607	0.25399736
1ASY*A*Q121A	1.295	0.821315876666667
1ASY*A*Q138A	1.414	0.873652076666667
1ASY*A*Q300A	-0.107	-0.303045483333333
1ASY*A*R119A	1.285	0.875075953333333
1ASY*A*S181A	1.046	0.631048913333333
1ASY*A*S280A	0	-0.19252009
1ASY*A*S301A	0.299	0.0213295019333333
1ASY*A*S329A	0.807	0.391160296666667
1ASY*A*S423A	-0.11	-0.25348754
1ASY*A*T124A	0.83	0.39742467
1ASY*A*T230A	1.395	0.868660033333333
1ASY*A*T331A	1.105	0.59786248
1ASY*A*T424A	0.807	0.412114366666667
1AUD*A*K49A	1.369	0.914174666666667
1AUD*A*M50A	1.109	0.188436993333333
1AUD*A*Q53A	4.869	2.70950883333333
1URN*A*E19A	2.296	1.20076076666667
1URN*A*N15A	1.345	0.648375716666667
1URN*A*N16A	1.03	0.553579833333333
1AUD*A*G52A	2.897	1.4062133
1U0B*B*N351A	1.827	1.2685288
1FEU*A*H85N	1.48	0.98612222
1FEU*A*H85T	1.48	1.10775176666667
1FEU*A*K14A	0.204	0.056316422
1FEU*A*S16A	0.152	-0.0292800586666666
2BX2*L*F57A	0.447	0.394209333333333
2ERR*A*F126L	3.529	3.16810906666667
2ERR*A*F126Y	0.406	1.11070226
1ZDI*A*K43A	-0.095	-0.321078246666667
1ZDI*A*K57A	2.546	1.38193363333333
1ZDI*A*K61A	2.495	1.22781953333333
1ZDI*A*N55A	-0.221	-0.243873476666667
1ZDI*A*R49A	1.711	0.490789026666667
1ZDI*A*S52A	-0.342	-0.270935471333333
1ZDI*A*Y85A	3.522	2.28711876666667
2I91*A*H187S	0.791	0.812202313333333
2I91*A*K108A	0.923	0.464437316666667
2I91*A*K170A	1.061	0.516882043333333
2I91*A*K180A	0.336	0.306415633333333
2I91*A*K236A	0.325	0.464055033333333
2I91*A*K264A	0.289	0.24196309
2I91*A*R184A	1.091	0.772992586666667
1B23*P*E390A	0.935	0.400321503333333
1B23*P*E55A	-0.206	-0.62755809
1B23*P*H331V	1.327	0.2859575
1B23*P*K376A	0.149	-0.229392588
1B23*P*K52A	0.345	-0.114693323666667
1B23*P*K90A	0.567	-0.0282455333333333
1B23*P*N64A	-0.511	-0.321798726666667
1B23*P*N91A	1.109	0.25429398
1B23*P*Q341A	1.476	0.334009746666667
1B23*P*R274A	1.235	0.257722336666667
1B23*P*R300A	0.488	-0.0279339336666666
1B23*P*R339A	-0.206	-0.120393977
1B23*P*R389A	1.437	0.9732429
1B23*P*R59A	0.064	-0.367012556666667
1B23*P*T232V	-0.286	-0.265760888
1B23*P*T332V	1.026	0.56041981
1B23*P*T350V	1.487	0.337378203333333
1B23*P*Y88F	0.094	-0.285984426666667
1TTT*A*E271A	1.73	0.561343473333333
1TTT*A*E390A	1.06	0.1318687581
1TTT*A*E55A	-0.09	-0.79915522
1TTT*A*H331V	1.14	0.0220100266666666
1TTT*A*K376A	0.12	-0.42398336
1TTT*A*K52A	0.08	-0.312720313333333
1TTT*A*K90A	0.65	-0.214490236266667
1TTT*A*N64A	-0.14	-0.496705196666667
1TTT*A*N91A	0.85	0.0515876406666666
1TTT*A*Q341A	1.6	0.0793586983333333
1TTT*A*R274A	1.36	0.0178142533333333
1TTT*A*R300A	0.41	-0.231878746666667
1TTT*A*R330A	1.73	0.5038689
1TTT*A*R339A	-0.09	-0.329020396666667
1TTT*A*R389A	1.56	0.658349793333333
1TTT*A*R59A	-0.04	-0.544432126666667
1TTT*A*T232V	0	-0.46290223
1TTT*A*T332V	1.15	0.260875206666667
1TTT*A*T350V	1.61	0.0557572166666666
1TTT*A*Y88F	-0.04	-0.44910987
2PJP*A*D511A	2.098	1.8369025
2PJP*A*R510A	3.694	3.26139476666667
2PJP*A*V509A	1.449	1.2196493
2PJP*A*W508A	4.147	3.66707666666667
2JPP*A*L4A	2.11	1.6232445
2JPP*A*R44A	5.14	4.47746513333333
2IX1*A*E390A	0.157	0.20573307
2IX1*A*E542A	-1.382	-0.794584923333333
2IX1*A*F358A	0.227	0.264961266666667
2IX1*A*R500A	0.278	0.227845073333333
2IX1*A*Y253A	0.908	0.860408643333333
2IX1*A*Y313A	0.524	0.456711473333333
2ZKO*A*R37A	-0.032	0.133361246666667
2ZKO*A*R44A	0.788	0.450134756666667
2ZKO*A*S42A	1.321	0.991973166666667
2ZKO*A*T49A	1.263	0.973528446666667
2KXN*B*F123A	1.63	0.66205791
2KXN*B*F161A	1.63	2.05016136666667
2KXN*B*I195A	1.044	0.540459463333333
2KXN*B*P199A	0.707	0.278206883333333
2KXN*B*R111A	0.3	0.631839926666667
2KXN*B*R190A	1.63	0.906902133333333
2KXN*B*S194A	0.226	0.31642711
2KXN*B*T196A	1.168	0.571553586666667
2KXN*B*V137A	0	0.29848618
2KXN*B*Y165F	1.074	1.0409278
2Y8W*A*E24A	1.087	0.476330152333333
2Y8W*A*E38A	0.355	-0.0416557799999999
2Y8W*A*H26A	0.19	0.0301625683333333
2Y8W*A*N102A	0.43	0.333078503333333
2Y8W*A*R27A	-0.146	0.0675554366666666
2Y8W*A*S34A	0.016	0.0503777133333333
1RPU*A*T111A	0.082	0.82103718
1RPU*A*T111H	0	0.396604017666667
1RPU*A*T111S	0.154	0.463574404333333
1RPU*A*T111Y	0.364	0.70402826
3K5Q*A*H326A	3.42	2.29549336666667
3K5Q*A*N325A	1.03	0.775528076666667
3K5Q*A*Q367A	1.602	1.21965533333333
3K5Q*A*R364A	0.582	0.531285666666667
3K5Y*A*R364A	0.59	0.36477112
3U4M*A*T217A	2.486	2.09126063333333
4ED5*A*N21A	0.635	0.321410073333333
4ED5*A*R136A	0.955	0.42933262
4ED5*A*R147A	0.861	0.41573189
4ED5*A*R97A	1.48	0.455770933333333
4ED5*A*T90A	0.664	0.248326456666667
1A1T*A*F16A	1.958	1.5345337
1A1T*A*F6A	0.188	0.73131131
1A1T*A*I24A	1.167	0.977366633333333
1A1T*A*N5A	0.376	0.8016639
1A1T*A*P31A	0.053	0.296291433333333
1A1T*A*Q45A	0.613	1.1470441
3SN2*A*K379N	3.134	1.9691389
3SN2*A*K379R	1.37	1.69424523333333
3SN2*A*N685A	-0.311	-0.063500083
3SN2*A*N685S	0.004	-0.161760501666667
3SN2*A*R269A	1.278	1.17798982
3SN2*A*S371A	1.528	1.80214263333333
3SN2*A*S371D	3.017	2.07487593333333
3SN2*A*S681A	3.249	2.55067766666667
2M8D*B*D136A	1.566	1.18113126666667
2M8D*B*D139A	1.085	0.975376343333333
2M8D*B*K138A	1.493	1.31882766666667
2M8D*B*Q135A	1.493	1.0813776
2M8D*B*W134F	1.465	1.1835208
4BS2*A*D105A	1.793	1.14262113333333
4BS2*A*D174A	1.861	0.492463693333333
4BS2*A*E200A	0.639	0.586936413333333
4BS2*A*E261A	0.623	0.424300836666667
4BS2*A*F149A	1.687	1.89253133333333
4BS2*A*F194A	0.995	1.19225663333333
4BS2*A*I249A	1.263	0.75412431
4BS2*A*K176A	1.14	0.431377976666667
4BS2*A*K181A	0.143	0.268190533333333
4BS2*A*K192A	0.623	1.46653306666667
4BS2*A*K263A	0.268	0.430929936666667
4BS2*A*L139A	0.639	0.29616695
4BS2*A*M132A	1.263	0.837185266666667
4BS2*A*N179A	1.14	0.49144242
4BS2*A*R171A	1.861	1.37184426666667
4BS2*A*R197A	0.929	0.557675656666667
4BS2*A*S254A	1.793	0.485619723333333
4BS2*A*S258A	0.116	0.20454606
4BS2*A*W113A	0.785	0.87332407
4CIO*A*A110T	1.215	0.87435467
4CIO*A*E63K	1.1	0.812832616666667
4CIO*A*G113E	0.735	0.666587333333333
4CIO*A*H45A	-0.593	-0.412892313333333
4CIO*A*K104M	0.092	0.0457592256666666
4CIO*A*K36E	2.233	2.0206051
4CIO*A*K36M	2.657	1.89386116666667
4CIO*A*K74M	-0.211	-0.175948943333333
4CIO*A*N106A	0.483	0.315561526666667
4CIO*A*N108A	-0.176	-0.0634819916666666
4CIO*A*N97A	-0.074	-0.082496268
4CIO*A*R103M	0.852	0.835845893333333
4CIO*A*R76M	-0.397	-0.16404583
4CIO*A*Y44A	1.53	0.821954046666667
4CIO*A*Y44F	0.204	0.48548996
4CIO*A*Y78F	1.468	0.969840646666667
1DFU*P*H88A	2.55	1.40063553333333
1DFU*P*R9A	3.33	2.02143133333333
1DFU*P*S17A	0	-0.248458852
4AQ7*A*C176A	3.885	0.58914754
1WNE*A*K20A	0.449	0.671484846666667
4ARC*A*K619A	0.059	0.362199333333333
4ARC*A*K624A	-0.032	0.56048286
4ARC*A*K809A	0.208	1.08125783333333
5EIM*A*R349A	0.95	0.899757206666667
5EIM*A*T437A	1.58	1.3450195
6HYU*A*R620A	0.993	1.81722396666667
1AUD*A*F55H	0.5	0.23653663
1AUD*A*F55W	0.6	0.434899546666667
1AUD*A*F55Y	1.1	0.23324375
1FEU*A*D87E	1.73	1.49311406666667
1FEU*A*H85A	1.35	1.04552866666667
1FEU*A*R10A	1.43	1.17657153333333
1FEU*A*R19A	1.37	1.10750316666667
1FEU*A*R20A	0.15	0.0585698986666666
1N78*A*H15A	1.922	0.78050102
1N78*A*K246A	1.761	0.419167026666667
1N78*A*R247A	1.79	0.144226617666667
1QFQ*B*D2N	-1.265	-0.539292226666667
1QFQ*B*E9L	0.7	0.664449256666667
1QFQ*B*Q4K	-1.38	-0.0889883306666666
1QFQ*B*R11K	2.43	1.7601684
1QFQ*B*R8H	3.4	2.1117763
1URN*A*F56A	5.126	4.31431246666667
1URN*A*F56H	1.03	0.617488806666667
1URN*A*F56L	3.926	2.68024636666667
1URN*A*F56T	0.611	2.79365983333333
1URN*A*F56W	0.46	0.973744633333333
1URN*A*G53A	2.68	2.288461
1URN*A*G53V	5.25	3.68499586666667
1URN*A*K20Q	0.44	0.0677724698333333
1URN*A*K22Q	1.09	0.548112633333333
1URN*A*K23Q	0.85	0.361547643333333
1URN*A*K60Q	-0.1	-0.259081743333333
1URN*A*Q54A	4.55	3.83023186666667
1URN*A*Q54E	6.18	4.7301874
1URN*A*Q54N	4.74	3.9542077
1URN*A*R70Q	-0.09	-0.239801733333333
1URN*A*R7Q	0.12	-0.250422238333333
1URN*A*T11V	3.37	2.78057353333333
1URN*A*Y13F	1.98	1.87356673333333
1URN*A*Y13Q	6.71	6.07330093333333
1URN*A*Y13S	6.18	5.60109663333333
1URN*A*Y13T	5.96	6.08302433333333
2BX2*L*F67A	0.71	0.579468416666667
2BX2*L*R373A	-0.3	-0.137039148
2ERR*A*H120A	2.98	2.1795718
3K5Q*A*H454A	1.155	0.93672225
3K5Q*A*R288A	0.96	0.69392488
4F3T*A*H807R	0.148	0.861843
4F3T*A*S798A	-0.079	0.334354263333333
4F3T*A*S798E	0.084	0.613532086666667
4F3T*A*Y529A	1.548	1.16034164666667
4HT8*A*Y25A	4.18	3.58098546666667
4OOG*C*R445A	1.035	1.0916034
4PMW*A*N796E	0.49	0.284642612333333
4PMW*A*Q790E	-0.06	0.0482688833333333
5EIM*A*K436A	2.1	1.78242556666667
5EIM*A*N336A	1.63	1.2254701
5EIM*A*N477A	1.62	1.34718703333333
5EIM*A*R331A	0.79	0.724482456666667
5EIM*A*R338A	1.67	1.1505961
5EIM*A*S333A	1.44	0.961352733333333
5EIM*A*Y352F	2.13	1.70959636666667
5EIM*A*Y466F	3.08	2.72394493333333
5EN1*A*D49A	0.918	0.895178926666667
5EN1*A*E183A	0.546	0.354507236666667
5EN1*A*E92A	1.108	0.553496593333333
5EN1*A*F115A	1.13	0.910952633333333
5EN1*A*F157A	0.907	0.947769986666667
5EN1*A*F24A	0.797	0.677741066666667
5EN1*A*F66A	1.094	1.20603204333333
5EN1*A*H108A	0.215	0.0508073913333333
5EN1*A*K113A	1.154	1.11655888
5EN1*A*K120A	0.755	0.544366116666667
5EN1*A*Q19A	0.793	0.627285716666667
5GXH*A*M357A	1.91	1.21925576666667
5GXH*A*N13A	0.95	0.546929013333333
5GXH*A*R33A	1.41	0.782805073333333
5GXH*A*R359A	2.86	1.89479213333333
5HO4*A*F115A	1.11	0.995452483333334
5HO4*A*H108A	0.215	0.178207409
1ZDI*A*Y85F	1.816	1.90320683333333
1AUD*A*S90A	2.148	0.6607906
1YVP*A*H187S	0.791	0.9585407
1YVP*A*K136A	-0.047	0.0004224536666666
1YVP*A*R120S	0.044	0.111787856666667
1YVP*A*R184A	0.996	0.91391857
1AUD*A*F55A	5.861	2.50122986666667
2ERR*A*F126A	4.325	3.22477253333333
2ERR*A*F126H	1.876	1.88675543333333
2ERR*A*F126I	4.325	3.2071113
2ERR*A*F126R	4.311	3.29643323333333
2ERR*A*F126W	1.597	1.52201986666667
2ERR*A*F158A	3.888	3.22441146666667
2ERR*A*F160A	6.099	5.64586926666667
1ZH5*A*D33A	0.651	0.5269247
1ZH5*A*D33E	0	0.448940966666667
1ZH5*A*D33I	1.697	0.645332946666667
1ZH5*A*N56A	0.449	0.280226366666667
2ZI0*A*P41A	1.366	0.652279163333333
2ZI0*A*W50A	0.891	0.574780896666667
2ZI0*A*W50R	0.37	0.533207763333333
3EQT*A*E573A	1.759	1.3607945
3EQT*A*I597S	1.057	0.907948523333333
1T0K*A*G56A	1.364	0.70501926
1T0K*A*G56C	2.185	0.948029613333333
3K49*A*S866A	3.32	0.144178952333333
2KFY*A*E84A	4.248	2.44470786666667
2KFY*A*W20A	4.248	3.25492866666667
2KG0*A*E182A	2.812	2.18290433333333
2KG0*A*F120A	2.812	2.23964166666667
2KG0*A*F184A	0.955	0.937046233333333
2KG0*A*K150A	0.097	0.33120235
2KG0*A*K173A	0.534	0.371891726666667
2KG0*A*R116A	2.812	2.12755843333333
2KG0*A*R179A	2.812	2.491066
2KG0*A*Y180A	1.497	1.66258503333333
3NCU*A*H847A	1.012	0.465110283333333
3MOJ*B*G423A	0.408	0.26935791
3MOJ*B*Y407A	0.41	0.40223177
1L1C*A*A4K	0	1.17510996666667
1L1C*A*N9H	0.791	1.5018547
1L1C*A*Q32N	2.122	0.50110788
1L1C*A*R27A	0	1.99141836666667
3K5Y*A*H454A	1.226	0.719780923333333
3K5Y*A*R288A	1.057	0.48317227
3RW6*A*E151A	0.375	0.15578746
2LEC*A*D42A	1.739	1.43307176666667
2LEC*A*D48A	0.618	0.37617021
2LEC*A*K17A	1.284	0.98229781
2LEC*A*Q88A	0.027	-0.0612128459999999
2XS2*A*P39A	0.818	0.525779286666667
4ERD*A*R465A	1.064	1.64883316666667
4ERD*A*Y407A	0.757	0.83755486
3UZS*A*H280A	0.518	0.0746508813333333
3VYX*A*H207A	1.796	1.34811036666667
3VYX*A*K182A	1.891	1.43426446666667
3VYY*A*N30A	0.526	0.421785866666667
4HT8*A*F42S	0.608	1.13617246666667
4HT9*A*F42S	0.608	0.54158055
4HT9*A*Y25A	4.13	1.8890405
2M8D*B*S133A	1.123	0.9150196
4MDX*A*E78A	3.804	2.3538661
4MDX*A*K53A	2.486	1.36740203333333
4MDX*A*R25A	2.332	1.7610211
4MDX*A*S73A	2.724	1.74493776666667
3WBM*A*F60E	0.405	0.354187123333333
3WBM*A*K16A	0.641	0.45667908
3WBM*A*K17A	0	0.0523236836666666
3WBM*A*R42A	0.328	0.327056073333333
3WBM*A*R44A	1.475	1.16109463333333
3WBM*A*Y22A	0.641	0.571034736666667
1URN*A*M51A	-0.806	0.503938616666667
4NL3*D*F43W	0.755	0.405950503333333
4NL3*D*Q6A	2.96	2.4232807
4NL3*D*R17W	3.98	2.81213743333333
4NL3*D*S39W	0.424	0.15286194
5E3H*A*K788A	-0.086	0.1681197
5E3H*A*Q784A	-0.03	0.0835110559333333
5E3H*A*R791A	0.418	0.300760923333333
4OLA*A*F811A	0.079	0.710409583333333
1WNE*A*K18A	0.398	0.255369126666667
1WNE*A*K18E	0.206	0.290071393333333
1WNE*A*K20E	2.46	0.690972433333333
2E9T*A*K18E	0.195	0.253133056666667
3GIB*A*D9A	0.408	2.250908
3GIB*A*E18A	0.41	1.38094086666667
3GIB*A*E37A	0.505	1.8116151
2MGZ*A*D128A	0.703	0.954541773333333
2MGZ*A*E130A	0.703	1.31173836666667
2MGZ*B*G113E	0.993	0.908406233333333
2MGZ*B*Y44A	1.796	1.0994381
5ELK*A*F316A	1.686	1.20413536666667
5ELK*A*R310A	1.599	1.1684999
5ELK*A*Y216A	0.436	0.39896285
3L25*A*K309A	0.955	0.981901066666667
3L25*A*K319A	0.728	0.60080341
3L25*A*R305A	0.774	0.650571096666667
2M8D*B*R142A	1.155	1.00628285333333
5JBJ*A*H406A	0.022	0.0061373533333333
2ERR*A*S122A	0.636	0.567415933333333
2ERR*A*S155A	1.268	0.65674131
5WWW*A*R271A	1.231	0.540153803333333
5WWW*A*T268A	1.057	0.811621923333333
6D12*A*R496A	1.152	0.951644633333333
6D12*A*Y483A	0.797	0.612957756666667
6DCL*A*R88A	0.116	1.08495426666667
6G2K*A*F279A	-0.195	-0.875439643333333
6KWQ*A*H44A	-0.03	0.0847440416666666
6KWQ*A*R277A	0.468	-0.04450412
6KWR*A*H44A	-0.03	0.0847440416666666
6KWR*A*R277A	0.468	-0.04450412
6SDY*A*R209A	-0.003	0.167612096666667
6LVR*A*R210A	1.407	0.49444743
1URN*B*K20Q	0.44	0.0677724863333333
1URN*B*K22Q	1.09	0.548112646666667
1URN*B*K23Q	0.85	0.361547643333333
1URN*B*K60Q	-0.1	-0.25908169
1URN*B*R70Q	-0.09	-0.239801693333333
1URN*B*R7Q	0.12	-0.250422206666667
1O0B*A*C229S	1.155	1.09323848
1O0B*A*E257A	1.253	1.2664487
1O0B*A*H215N	1.163	0.92799522
1O0B*A*R30K	0.97	1.09308893333333
1O0B*A*S227A	1.368	0.855302713333333
2ZZN*A*D223A	0.231	0.2205547
2ZZN*A*D223E	0.35	0.0863093833333333
2ZZN*A*E185D	0.163	0.05511016864
2ZZN*A*E185Q	0.087	0.0690444913333333
2ZZN*A*K137A	0.537	0.446359823333333
2ZZN*A*K318A	0.294	0.130213346666667
2ZZN*A*N265A	0.087	0.104907664666667
2ZZN*A*N265H	0.35	0.077473564
2ZZN*A*N265Q	0.087	0.0900117723333333
2ZZN*A*P267A	0.087	0.0185714705
2ZZN*A*R145A	0.231	0.225481376666667
2ZZN*A*R181A	0.163	0.14815338
2ZZN*A*R186A	0.35	0.27712033
2ZZN*A*Y177A	0.294	0.318686166666667
2ZZN*A*Y177F	0.35	0.147269063333333
1JBR*A*D143A	-0.543	-0.0063416346666666
1JBR*A*D40A	0.22	-0.044408235
1JBR*A*F51A	0.331	0.706971763333333
1JBR*A*H49A	0.867	0.391936766666667
1JBR*A*K110A	1.495	0.87804871
1JBR*A*K111A	0.47	0.942676866666666
1JBR*A*K113A	0.756	0.63381372
1JBR*A*K42A	0.283	0.430051186666667
1JBR*A*Q141A	0.437	0.20987512
1JBR*A*R65A	0.526	0.62282918
1JBR*A*T52A	0.89	0.50798821
2LEC*A*S54A	0.186	0.163260116666667
3OL6*A*K125A	1.208	0.918536266666667
3OL6*A*K126A	0.912	0.54368617
3OL6*A*K127A	0.528	0.485479313333333
3OL6*A*K133A	0.619	0.49333474
3OL6*A*K66A	-0.091	-0.0849156533333333
3OL6*A*R128A	1.159	0.8586444
3OL6*A*R188A	2.091	1.6410429
3OL6*A*Y118A	-0.05	-0.142278676666667
3OL6*A*Y148A	0.184	0.0752578136666666
3OL6*A*Y14A	0.079	0.0499473183333333
3OL6*A*Y157A	0.408	0.279697196666667
3K64*A*D484A	-0.149	-0.0166196443333333
3K64*A*H482A	0.41	0.33329398
3K64*A*I480A	1.189	1.0938561
3K64*A*P481A	0.581	0.54558309
3K64*A*P483A	0.377	0.257038283333333
3K64*A*T485A	1.866	1.39145456666667
3K64*A*Y479A	2.247	1.85130403333333
1URN*A*D92A	-0.042	0.213933243333333
1URN*A*D92E	-0.465	0.356899926666667
1URN*A*D92F	-0.465	0.2897047
1URN*A*I94P	1.433	0.509228016666667
1URN*A*T11A	0.922	2.64711173333333
1K8W*A*D90A	-0.344	0.339832406666667
1K8W*A*D90E	-0.344	0.23758708
1K8W*A*D90N	-0.344	0.24172072
1K8W*A*R181A	0.647	1.65810846
1K8W*A*R181K	0	1.09498607666667
1K8W*A*R181M	-0.206	1.10340755333333
1ZL3*A*D90A	-0.344	0.335111513333333
1ZL3*A*D90E	-0.344	0.20783265
1ZL3*A*D90N	-0.344	0.22718488
1ZL3*A*R181A	0.644	1.60740718333333
1ZL3*A*R181K	0	1.06522268333333
1ZL3*A*R181M	-0.206	1.07669085666667
1URN*A*K50A	0.432	1.34683076666667
2LUP*B*K392A	1.016	0.79119442
2LUP*B*P449A	0.82	0.896465566666667
2LUP*B*Q373A	0.217	0.48342113
2LUP*B*R450A	1.078	1.12675835666667
2LUP*B*S453K	1.09	1.05496524333333
4OOG*C*K392A	0.146	0.501032346666667
4OOG*C*P449A	0.825	0.705321113333333
4OOG*C*Q373A	0.2116	0.21184832
4OOG*C*R450A	1.212	1.05043682333333
4OOG*C*S453K	1.08	0.721455
2MJH*A*K313A	2.417	1.54944706666667
2MJH*A*L320S	1.89	1.56803576666667
2MJH*A*P228A	1.71	1.584078
2MJH*A*P228S	2.58	1.74846203333333
2MJH*A*R314K	0.172	0.316380676666667
4PMW*A*N661A	-0.239	-0.334324416666667
4PMW*A*N796A	0.408	0.169319436666667
4PMW*A*Q778A	0.119	0.0841668013333333
4PMW*A*Q790A	0.169	0.0074047566666666
4PMW*A*R275A	0	0.0625304733333333
5DNO*A*K436A	2.28	1.86266833333333
5DNO*A*N336A	1.774	1.14479203333333
5DNO*A*N477A	1.76	1.45516803333333
5DNO*A*R331A	0.866	0.787025233333333
5DNO*A*R338A	1.818	1.1571758
5DNO*A*S333A	1.561	1.0280035
5DNO*A*Y352F	2.221	1.7403326
5DNO*A*Y466F	3.2	2.87354766666667
5AWH*A*K506A	4.149	2.16529441333333
4YVI*A*D169A	1.78	1.4617309
4YVI*A*D169E	0.714	1.3341976
4YVI*A*D169L	2.678	1.50348503333333
4YVI*A*D177A	1.676	1.1878408
4YVI*A*E116A	2.474	1.8868682
4YVI*A*G134A	2.41	1.78530586666667
4YVI*A*G141A	1.418	0.998889633333334
4YVI*A*G55A	1.291	1.0400158
4YVI*A*G59A	1.816	1.39493403333333
4YVI*A*H180A	1.252	0.99099042
4YVI*A*P89A	1.466	1.24801766666667
4YVI*A*P89W	2.067	1.4319595
4YVI*A*Q90A	1.252	1.07200545333333
4YVI*A*R154A	1.669	1.46872776666667
4YVI*A*R154K	2.108	1.39850676666667
4YVI*A*S170A	1.299	1.1608024
4YVI*A*Y115A	2.178	1.68250943333333
4YVI*A*Y115F	2.096	1.48535586666667
4YVI*A*Y136A	1.157	0.933600366666667
4YVI*A*Y86A	1.22	0.959797813333334
5GXH*A*E197A	1.659	0.99259082
5GXH*A*F381A	0.759	1.12816503333333
5GXH*A*W14A	2.163	1.76823396666667
5GXH*A*Y15A	1.188	1.04345845333333
5GXH*A*Y474A	0.024	0.0286505045333333
5H1L*A*F381A	0.756	1.17286313333333
5H1L*A*Y474A	0.024	0.0685533089999999
5H1K*A*F381D	2.64	2.1830096
5H1K*A*M357A	2.075	1.83791023333333
5H1K*A*M403E	1.251	0.991385783333333
5H1K*A*N13A	1.04	0.913184933333333
5H1K*A*R335E	3.537	3.10760326666667
5H1K*A*R33A	1.546	1.2538643
5H1K*A*R359A	3.107	2.70874816666667
5H1K*A*W14A	3.041	2.49430403333333
5H1K*A*W422E	2.602	2.14057676666667
5H1K*A*Y15A	2.014	1.65319786666667
5H1K*A*Y383F	1.629	1.30381066666667
5UDZ*A*E151K	0.126	0.393030943333333
5UDZ*A*H148A	0.674	0.655441086666667
5UDZ*A*H162A	0.873	0.475939326666667
5UDZ*A*I167A	0.048	0.190135955666667
5UDZ*A*Y140A	0.917	0.785032623333333
5UDZ*B*I167A	0.048	0.190136002666667
5W1H*A*H328A	0.041	-0.217875306666667
5W1H*A*K1305A	0.396	0.0307094756666666
5W1H*A*K1320A	-0.114	-0.211255453333333
5W1H*A*K432A	-0.236	-0.15653971
5W1H*A*K435A	-0.236	-0.189281586666667
5W1H*A*W325A	-0.712	-0.341011123333333
5WLH*A*K1305A	0.398	0.122289112
5WLH*A*K1320A	-0.114	-0.134168666666667
5WLH*A*K432A	0.332	-0.0788515372333333
5WLH*A*W325A	-0.715	-0.289088942
5HO4*A*D49A	0.937	0.995726886666667
5HO4*A*E183A	0.547	0.42910692
5HO4*A*E92A	1.108	0.59480973
5HO4*A*F157A	0.908	1.05235758
5HO4*A*F24A	0.815	0.78441565
5HO4*A*F66A	1.117	1.4080691
5HO4*A*K113A	1.155	1.2034824
5HO4*A*K120A	0.756	0.611746833333333
5HO4*A*Q19A	0.794	0.725125393333333
6D12*A*F451A	-0.043	0.419348855
6D12*A*R472A	-0.206	0.255664315666667
6CMN*A*P46A	0.896	0.026884663
6CMN*A*P51A	0.846	-0.157964503333333
6CMN*A*Q48A	0.458	-0.117174851666667
6CMN*A*Q54A	0.598	1.6978469
6CMN*A*R47A	3.731	0.841362698
6CMN*A*R49A	3.174	-0.0980619073333333
6CMN*A*R52A	2.768	0.459858431333333
6CMN*A*T50A	1.742	0.309413676666667
5ZTM*A*E172A	-0.061	-0.0593765116666666
5ZTM*A*E195A	-0.167	-0.0131857333333333
5ZTM*A*H196A	1.574	1.16795331333333
5ZTM*A*H196E	2.09	1.3516816
5ZTM*A*K171A	1.815	1.40231423333333
5ZTM*A*K171E	2.154	1.50207196666667
5ZTM*A*K229A	0.859	0.630346026666667
5ZTM*A*K4A	1.77	1.44382693333333
5ZTM*A*K4E	2.023	1.5560885
5ZTM*A*K58A	1.436	1.12559654333333
5ZTM*A*N175A	1.089	0.631290513333333
5ZTM*A*N29A	0.444	0.5048095
5ZTM*A*S5A	1.274	0.864311546666667
3AM1*A*K123A	-0.398	-0.277963683333333
3AM1*A*K165A	-0.528	-0.26065755
3AM1*A*K207A	-0.75	-0.26982245
3AM1*A*K209A	-0.309	-0.142281806666667
3AM1*A*K210A	0.687	0.1320966
3AM1*A*K215A	-0.08	0.120322156666667
3AM1*A*K22A	-0.488	-0.262976803333333
3AM1*A*K26A	-0.159	-0.302837153333333
3AM1*A*K30A	-0.488	-0.37357206
3AM1*A*N161A	1.02	0.41097787
